country_of_origin,enwiki_title,genre,made_profit,original_language,publication_date,audience_average,audience_percent,audience_ratings,critic_average,critic_percent
Q29,Orbiter 9,science fiction,0.0,,2017-04-07,3.1,41.0,60.0,5.5,60.0
United States of America,Eraserhead,drama film,1.0,English,1977-01-01,3.9,83.0,57175.0,8.3,91.0
United States of America,Dances with Wolves,drama film,1.0,English,1990-11-09,3.6,87.0,213360.0,7.5,82.0
United Kingdom,Inception,heist film,1.0,English,2010-07-08,4.2,91.0,568239.0,8.1,86.0
Q16,Mama (2013 film),horror film,1.0,English,2013-01-17,3.4,55.0,143566.0,6.0,65.0
United States of America,The Godfather,drama film,1.0,English,1972-03-15,4.4,98.0,731426.0,9.3,98.0
United States of America,Argo (2012 film),political thriller,1.0,English,2012-01-01,4.2,90.0,207900.0,8.4,96.0
United Kingdom,12 Years a Slave (film),drama film,1.0,English,2013-08-30,4.3,90.0,139374.0,8.9,96.0
United Kingdom,Only Lovers Left Alive,drama film,1.0,English,2013-05-25,3.8,75.0,21114.0,7.4,85.0
United States of America,The Hunger Games: Mockingjay â€“ Part 1,science fiction film,1.0,English,2014-11-20,3.8,71.0,246430.0,6.3,67.0
United States of America,Guardians of the Galaxy (film),action film,1.0,English,2014-07-31,4.4,92.0,252294.0,7.7,91.0
United States of America,Inside Out (2015 film),comedy film,1.0,English,2015-05-18,4.3,89.0,134802.0,8.9,98.0
United States of America,The Conjuring,horror film,1.0,English,2013-06-08,4.0,82.0,158000.0,7.2,86.0
United States of America,A Quiet Place (film),horror film,1.0,English,2018-04-06,4.2,84.0,15178.0,8.1,95.0
United States of America,The SpongeBob Movie: Sponge Out of Water,children's film,1.0,English,2015-01-01,3.3,54.0,51692.0,6.5,80.0
United States of America,August: Osage County (film),drama film,1.0,English,2013-09-09,3.5,65.0,39033.0,6.4,65.0
Q408,The Railway Man (film),war film,0.0,English,2013-01-01,3.6,68.0,15495.0,6.5,67.0
Germany,The Monuments Men,war film,1.0,English,2014-02-07,3.1,44.0,72826.0,5.2,30.0
United Kingdom,About Time (2013 film),science fiction film,1.0,German,2013-09-04,4.0,81.0,57099.0,6.3,68.0
Q408,The Rover (2014 film),post-apocalyptic film,0.0,English,2014-05-18,3.2,51.0,11563.0,6.4,66.0
United States of America,Free Birds,buddy film,1.0,English,2013-10-21,3.1,44.0,40030.0,4.2,19.0
United States of America,The Florida Project,drama film,1.0,English,2017-05-22,3.9,79.0,12103.0,8.7,96.0
United Kingdom,Murder on the Orient Express (2017 film),drama film,1.0,English,2017-11-09,3.4,55.0,23993.0,6.1,57.0
United States of America,All the Money in the World,biographical film,1.0,English,2017-01-01,3.5,67.0,5975.0,6.9,78.0
United States of America,Independence Day: Resurgence,science fiction film,1.0,English,2016-06-23,2.6,30.0,74746.0,4.3,30.0
United Kingdom,Amy (2015 film),documentary film,1.0,English,2015-06-11,4.1,87.0,22029.0,8.4,94.0
United Kingdom,Florence Foster Jenkins (film),biographical film,1.0,English,2016-01-01,3.6,68.0,16669.0,7.1,87.0
United States of America,Guardians of the Galaxy Vol. 2,superhero film,1.0,English,2017-04-25,4.2,88.0,105497.0,7.2,83.0
United States of America,Star Trek Beyond,science fiction film,1.0,English,2016-07-07,3.9,80.0,73794.0,7.0,85.0
United States of America,Hell or High Water (film),heist film,1.0,English,2016-01-01,4.1,88.0,38882.0,8.5,97.0
United States of America,Wonder Woman (2017 film),superhero film,1.0,English,2017-06-01,4.3,88.0,124232.0,7.6,92.0
United Kingdom,The Girl with All the Gifts (film),zombie film,0.0,English,2016-09-23,3.5,66.0,8798.0,7.1,84.0
United States of America,Jumanji: Welcome to the Jungle,adventure film,1.0,English,2017-12-20,4.3,88.0,36653.0,6.1,76.0
United States of America,Jack Reacher: Never Go Back,action film,1.0,English,2016-01-01,3.1,42.0,31443.0,5.2,37.0
United States of America,John Wick: Chapter 2,action film,1.0,English,2017-02-10,4.1,85.0,54183.0,7.2,89.0
United States of America,Get Out,horror film,1.0,English,2017-01-24,4.2,86.0,70587.0,8.3,99.0
United States of America,Only the Brave (2017 film),drama film,0.0,English,2017-09-22,4.3,91.0,12187.0,7.0,87.0
United States of America,Blair Witch (film),horror film,1.0,English,2016-09-16,2.6,31.0,12639.0,5.1,35.0
Italy,Call Me by Your Name (film),LGBT-related film,1.0,English,2017-01-01,4.3,85.0,13129.0,8.7,95.0
United States of America,Heist (2015 film),heist film,0.0,English,2015-01-01,3.1,41.0,1968.0,4.5,29.0
United Kingdom,"Hail, Caesar!",comedy film,1.0,English,2016-02-01,2.9,44.0,40380.0,7.2,85.0
United Kingdom,Spectre (2015 film),thriller film,1.0,English,2015-10-26,3.5,61.0,105323.0,6.4,63.0
Italy,Youth (2015 film),drama film,0.0,English,2015-01-01,3.6,68.0,11149.0,7.0,72.0
United States of America,Steve Jobs (film),biographical film,1.0,English,2015-01-01,3.7,73.0,42597.0,7.6,86.0
United States of America,Assassin's Creed (film),action film,1.0,English,2016-12-21,3.1,43.0,56908.0,4.0,18.0
United States of America,The Danish Girl (film),biographical film,1.0,English,2015-01-01,3.7,72.0,27103.0,6.6,68.0
Q27,Love & Friendship,romantic comedy,1.0,English,2016-05-13,3.5,60.0,20020.0,8.2,97.0
United States of America,Money Monster,drama film,1.0,English,2016-05-26,3.3,51.0,23493.0,6.0,57.0
United States of America,The Big Short (film),biographical film,1.0,English,2015-12-11,4.1,87.0,68198.0,7.8,88.0
United States of America,Sing (2016 American film),musical film,1.0,English,2016-09-11,3.8,73.0,38960.0,6.5,72.0
Q142,Valerian and the City of a Thousand Planets,science fiction film,1.0,English,2017-07-20,3.3,54.0,26926.0,5.5,49.0
United States of America,The Conjuring 2,horror film,1.0,English,2016-06-16,3.9,81.0,53586.0,6.7,79.0
United States of America,Soldier (1998 American film),action film,0.0,English,1998-01-01,2.8,43.0,44237.0,3.5,12.0
United States of America,Windtalkers,action film,0.0,English,2002-08-01,3.2,50.0,66807.0,5.2,32.0
United States of America,Katy Perry: Part of Me,documentary film,1.0,English,2012-06-26,3.8,72.0,47103.0,6.4,75.0
United States of America,The Romantics (film),romantic comedy,0.0,English,2010-01-01,2.5,21.0,14739.0,4.2,14.0
United States of America,The Stepford Wives (2004 film),science fiction film,1.0,English,2004-01-01,2.6,29.0,210650.0,4.7,26.0
Q408,Killer Elite (film),crime film,0.0,English,2011-09-23,3.1,42.0,32361.0,4.7,25.0
United Kingdom,You Will Meet a Tall Dark Stranger,drama film,1.0,English,2010-01-01,2.9,33.0,18851.0,5.4,45.0
United Kingdom,Centurion (film),action film,0.0,English,2010-01-01,3.1,42.0,47682.0,5.5,60.0
United States of America,Analyze That,comedy film,0.0,English,2002-01-01,2.9,39.0,190217.0,4.8,27.0
United Kingdom,The Importance of Being Earnest (2002 film),romantic comedy,1.0,English,2002-05-17,3.4,72.0,32105.0,6.0,57.0
United States of America,The Hole (2009 film),horror film,0.0,English,2009-01-01,3.2,46.0,14687.0,6.4,81.0
United States of America,Before Midnight (film),romance film,1.0,English,2013-01-20,4.0,82.0,37036.0,8.7,98.0
United States of America,Allied (film),Romantic thriller,1.0,English,2016-11-13,3.5,64.0,24995.0,6.2,59.0
United States of America,Logan Lucky,comedy film,1.0,Q7976,2017-08-18,3.7,75.0,26624.0,7.5,93.0
United States of America,Sherlock Gnomes,animated film,0.0,English,2018-03-23,2.7,39.0,1292.0,4.6,29.0
United States of America,Fences (film),drama film,1.0,English,2016-12-25,3.8,75.0,35854.0,7.7,94.0
United States of America,It (2017 film),horror film,1.0,English,2017-09-07,4.1,84.0,63902.0,7.2,85.0
United Kingdom,Fantastic Beasts and Where to Find Them (film),fantasy film,1.0,English,2016-11-17,3.9,79.0,86209.0,6.9,74.0
United States of America,Doctor Strange (2016 film),superhero film,1.0,English,2016-07-08,4.1,86.0,106940.0,7.3,89.0
United States of America,Ben-Hur (2016 film),epic film,0.0,English,2016-08-25,3.3,53.0,18897.0,4.6,25.0
United States of America,Silence (2016 film),film based on literature,0.0,English,2016-12-22,3.6,69.0,24799.0,7.6,84.0
United States of America,The Accountant (2016 film),thriller film,1.0,English,2016-10-10,3.9,76.0,46130.0,5.7,52.0
United States of America,The Witch (2015 film),horror film,1.0,English,2015-01-01,3.2,57.0,40013.0,7.8,91.0
United States of America,Joy (film),biographical film,1.0,English,2015-01-01,3.4,57.0,46285.0,6.2,59.0
United States of America,Miss Peregrine's Home for Peculiar Children (film),adventure film,1.0,English,2016-10-06,3.5,60.0,38459.0,5.9,63.0
United States of America,Rogue One,space opera,1.0,English,2016-12-10,4.2,87.0,99786.0,7.5,85.0
United States of America,The BFG (2016 film),adventure film,0.0,English,2016-07-01,3.4,57.0,37747.0,6.8,75.0
United States of America,Deepwater Horizon (film),drama film,0.0,English,2016-01-01,3.9,82.0,45727.0,7.0,83.0
United States of America,Me Before You (film),drama film,1.0,English,2016-06-22,3.8,73.0,30191.0,5.6,56.0
United States of America,Frankenweenie (2012 film),horror film,1.0,English,2012-01-01,3.7,70.0,67473.0,7.5,87.0
United States of America,Four Rooms,comedy film,1.0,English,1995-12-25,3.4,69.0,55511.0,3.5,14.0
United States of America,Max Payne (film),crime film,1.0,English,2008-10-13,2.8,29.0,230579.0,3.8,16.0
Q142,Heartbreaker (2010 film),romantic comedy,1.0,French,2010-01-01,3.5,66.0,15543.0,6.7,69.0
United States of America,Primer (film),science fiction film,1.0,English,2004-10-08,3.7,79.0,46282.0,6.6,72.0
United States of America,Broadcast News (film),romantic comedy,1.0,English,1987-01-01,3.6,78.0,10878.0,8.2,98.0
United States of America,Planes (film),comedy film,1.0,English,2013-08-02,3.3,49.0,71968.0,4.6,25.0
United States of America,Kit Kittredge: An American Girl,children's film,1.0,English,2008-01-01,3.3,68.0,52523.0,6.7,79.0
Q142,Raising Victor Vargas,comedy-drama,1.0,English,2002-01-01,3.8,83.0,5942.0,8.0,96.0
United States of America,Space Station 3D,documentary film,1.0,English,2002-01-01,3.6,75.0,2778.0,6.9,87.0
United States of America,The Greatest Showman,biographical film,1.0,English,2017-12-20,4.4,87.0,22943.0,6.0,56.0
United States of America,"Everything, Everything (film)",romance film,1.0,English,2017-05-19,3.6,62.0,9325.0,5.4,46.0
United States of America,Terminator 3: Rise of the Machines,action film,1.0,English,2003-07-02,3.1,46.0,440957.0,6.6,70.0
United States of America,Rampage (2018 film),action film,1.0,English,2018-04-11,4.2,80.0,6511.0,5.4,52.0
United States of America,V for Vendetta (film),thriller film,1.0,English,2005-12-11,3.9,90.0,903220.0,6.8,73.0
United States of America,Star Wars: The Force Awakens,science fiction film,1.0,English,2015-12-16,4.3,87.0,227740.0,8.2,93.0
United States of America,Star Wars (film),space opera,1.0,English,1977-05-25,4.1,96.0,858665.0,8.6,93.0
United Kingdom,Moon (film),science fiction film,1.0,English,2009-01-23,4.0,89.0,100186.0,7.5,89.0
United Kingdom,Les MisÃ©rables (2012 film),musical film,1.0,English,2012-12-05,4.0,79.0,264761.0,6.9,69.0
United States of America,Goodfellas,biographical film,1.0,English,1990-01-01,4.3,97.0,428024.0,9.0,96.0
United States of America,Bambi,musical film,1.0,English,1942-08-14,3.4,72.0,599521.0,8.2,90.0
United Kingdom,Seven Psychopaths,comedy film,1.0,English,2012-01-01,3.7,71.0,129712.0,7.1,82.0
United States of America,A Good Day to Die Hard,action film,1.0,English,2013-02-14,3.0,40.0,117482.0,3.9,14.0
United States of America,Apollo 13 (film),docudrama,1.0,English,1995-06-30,3.6,87.0,432491.0,8.2,95.0
United States of America,Snow White and the Seven Dwarfs (1937 film),romance film,1.0,English,1937-12-21,3.4,78.0,469773.0,8.8,98.0
United States of America,Abduction (2011 film),action film,0.0,English,2011-01-01,3.0,42.0,44567.0,3.3,4.0
United States of America,Heaven's Gate (film),Western,0.0,English,1980-01-01,3.1,53.0,5407.0,6.2,57.0
Germany,Alien vs. Predator (film),action film,1.0,English,2004-08-13,3.0,39.0,430253.0,4.1,20.0
Q17,Kill Bill: Volume 1,action thriller,1.0,English,2003-01-01,3.4,81.0,32557476.0,7.7,85.0
United States of America,127 Hours,docudrama,1.0,English,2011-01-01,4.0,85.0,95536.0,8.3,93.0
United States of America,Beauty and the Beast (1991 film),romance film,1.0,English,1991-11-22,3.7,92.0,759503.0,8.5,94.0
United States of America,Memento (film),neo-noir,1.0,English,2000-09-05,4.1,94.0,379970.0,8.2,92.0
United States of America,Angels & Demons (film),mystery film,1.0,English,2009-01-01,3.4,57.0,531587.0,5.1,37.0
United States of America,The Green Mile (film),drama film,1.0,English,1999-12-06,4.1,94.0,812905.0,6.9,80.0
United States of America,The Thing (1982 film),horror film,1.0,Q9043,1982-01-01,3.9,92.0,131125.0,7.4,83.0
United States of America,Thor (film),action film,1.0,English,2011-04-27,3.8,76.0,245200.0,6.7,77.0
United States of America,Charlie and the Chocolate Factory (film),children's film,1.0,English,2005-07-10,3.0,51.0,32495264.0,7.2,82.0
United States of America,Rio (2011 film),fantasy film,1.0,English,2011-04-07,3.7,71.0,90067.0,6.4,72.0
United States of America,The Amazing Spider-Man (2012 film),action film,1.0,English,2012-06-28,3.9,77.0,814476.0,6.7,73.0
United States of America,Annie Hall,romantic comedy,1.0,English,1977-04-20,3.9,92.0,153267.0,8.9,97.0
United States of America,The Mummy: Tomb of the Dragon Emperor,fantasy film,1.0,English,2008-01-01,2.9,30.0,340567.0,3.7,13.0
United States of America,Waterworld,action film,1.0,English,1995-07-28,2.6,43.0,230372.0,5.2,42.0
Q142,Mulholland Drive (film),neo-noir,1.0,English,2001-05-06,3.7,87.0,188487.0,7.6,83.0
United States of America,Mission: Impossible III,action film,1.0,English,2006-04-24,3.4,69.0,508399.0,6.6,70.0
United States of America,Wall Street: Money Never Sleeps,drama film,1.0,English,2010-05-14,3.1,44.0,110688.0,6.0,54.0
United States of America,Absolute Power (film),political thriller,1.0,English,1997-02-14,3.2,52.0,32279.0,5.5,47.0
United States of America,Eraser (film),action film,1.0,English,1996-01-01,2.8,39.0,126649.0,5.0,36.0
United States of America,Lady Bird (film),comedy-drama,1.0,English,2017-01-01,4.0,79.0,19335.0,8.7,99.0
United States of America,It Comes at Night,horror film,1.0,English,2017-06-09,2.8,44.0,19106.0,7.4,88.0
Germany,Peaceful Warrior,drama film,0.0,English,2006-01-01,3.5,76.0,43018.0,4.7,25.0
United States of America,Uncle Buck,comedy-drama,1.0,English,1989-01-01,3.2,76.0,199802.0,5.9,61.0
United States of America,Anything Else,romantic comedy,0.0,English,2003-01-01,2.9,44.0,22030.0,5.2,40.0
United States of America,Night of the Living Dead,horror film,1.0,English,1968-01-01,3.8,87.0,130182.0,8.9,97.0
United States of America,Tron,action film,1.0,English,1982-07-09,3.4,69.0,72411.0,6.4,70.0
Q20,Trollhunter,fantasy film,1.0,Q9043,2010-10-29,3.6,71.0,22084.0,6.7,83.0
United States of America,Doubt (2008 film),drama film,1.0,English,2008-01-01,3.7,78.0,162359.0,7.0,79.0
United States of America,Hook (film),fantasy film,1.0,English,1991-01-01,3.3,76.0,730623.0,4.5,29.0
Germany,The Patriot (2000 film),war film,1.0,English,2000-01-01,3.6,81.0,422899.0,6.1,61.0
United States of America,August Rush,musical film,1.0,English,2007-01-01,3.9,82.0,229162.0,4.8,37.0
United Kingdom,The World's End (film),science fiction film,1.0,English,2013-07-10,3.7,71.0,92345.0,7.4,89.0
United States of America,Behind Enemy Lines (2001 film),action film,1.0,English,2001-01-01,3.2,62.0,321740.0,4.8,37.0
United Kingdom,State of Play (film),political thriller,1.0,English,2009-01-01,3.6,73.0,124198.0,7.0,84.0
United States of America,Commando (1985 film),action film,1.0,English,1985-01-01,3.1,67.0,137917.0,6.0,70.0
Q142,Bridget Jones's Diary (film),romantic comedy,0.0,English,2001-04-04,3.3,81.0,495666.0,6.9,80.0
United States of America,The Sitter,comedy film,1.0,English,2011-01-01,3.0,39.0,40717.0,4.3,22.0
United States of America,Beastly (film),romance film,1.0,English,2011-03-04,3.2,48.0,58043.0,3.7,20.0
United States of America,Jay and Silent Bob Strike Back,buddy film,1.0,English,2001-01-01,3.4,75.0,304063.0,5.6,53.0
United Kingdom,Wilde (film),biographical film,0.0,English,1997-01-01,3.5,72.0,9082.0,6.6,71.0
United States of America,Simone (2002 film),science fiction film,1.0,English,2002-01-01,2.8,35.0,5050.0,5.8,51.0
United States of America,Dante's Peak,disaster film,1.0,English,1997-01-01,2.7,38.0,238662.0,5.0,24.0
Q142,A Very Long Engagement,drama film,1.0,French,2004-01-01,3.9,85.0,65342.0,7.4,78.0
United States of America,The Nutty Professor (1996 film),romantic comedy,1.0,English,1996-06-27,2.9,44.0,601941.0,5.9,64.0
United States of America,The Core,action film,0.0,English,2003-04-03,2.7,33.0,100640.0,5.2,40.0
United States of America,Hell's Angels (film),war film,1.0,English,1930-01-01,3.4,60.0,2421.0,7.0,76.0
United States of America,Return to the Blue Lagoon,romance film,0.0,English,1991-01-01,2.8,41.0,15759.0,2.2,0.0
United States of America,Manhattan Murder Mystery,comedy film,0.0,English,1993-01-01,3.7,83.0,17996.0,6.9,93.0
United States of America,J. Edgar,biographical film,1.0,English,2011-11-03,3.1,44.0,39971.0,5.7,43.0
United States of America,The Vikings (1958 film),film based on literature,1.0,English,1958-01-01,3.5,73.0,5555.0,6.3,75.0
United States of America,The New Adventures of Pippi Longstocking,musical film,0.0,English,1988-01-01,3.2,69.0,8042.0,4.4,17.0
United States of America,Ice Station Zebra,action film,0.0,English,1968-01-01,3.2,58.0,4779.0,5.2,40.0
United States of America,The Wolf of Wall Street (2013 film),comedy film,1.0,English,2013-12-17,4.0,82.0,179346.0,7.8,78.0
United States of America,Spies Like Us,comedy film,1.0,English,1985-01-01,3.1,56.0,33727.0,4.4,32.0
Q142,Priceless (2006 film),romantic comedy,1.0,French,2006-01-01,3.7,75.0,24076.0,6.9,81.0
Q252,The Raid (2011 film),action film,1.0,Q9240,2011-09-08,4.1,87.0,52059.0,7.5,85.0
United States of America,I Think I Love My Wife,romantic comedy,1.0,English,2007-01-01,3.0,41.0,199455.0,4.6,19.0
Q16,Stan Helsing,comedy horror,0.0,English,2009-01-01,2.2,18.0,5985.0,2.7,17.0
United States of America,Sparkle (2012 film),musical film,1.0,English,2012-01-01,3.8,65.0,42276.0,5.7,58.0
United States of America,Hidden Figures,biographical film,1.0,English,2016-12-25,4.4,93.0,57504.0,7.6,93.0
United States of America,Transformers: The Last Knight,science fiction film,1.0,English,2017-06-21,3.0,45.0,38919.0,3.3,16.0
United States of America,Snatched (2017 film),comedy film,1.0,English,2017-05-12,2.5,30.0,16296.0,5.1,36.0
United States of America,Kick-Ass (film),action film,1.0,English,2010-03-12,3.9,81.0,285168.0,7.0,75.0
United Kingdom,Cleopatra (1963 film),biographical film,0.0,English,1963-06-12,3.4,69.0,20475.0,5.9,56.0
Germany,Basic (film),drama film,0.0,English,2003-01-01,3.2,63.0,56707.0,4.5,21.0
United States of America,To Rome with Love (film),romantic comedy,1.0,Q652,2012-01-01,3.0,40.0,29681.0,5.5,45.0
United States of America,The Fox and the Hound,buddy film,1.0,English,1981-07-10,3.5,78.0,313236.0,6.6,69.0
United States of America,Titanic (1997 film),disaster film,1.0,English,1997-11-01,3.3,69.0,35796812.0,8.0,88.0
United States of America,Deep Impact (film),science fiction film,1.0,English,1998-05-08,2.9,43.0,340618.0,5.8,49.0
Italy,A Fistful of Dollars,spaghetti western,1.0,Q652,1964-01-01,3.9,91.0,86442.0,8.2,98.0
Q258,Elysium (film),thriller film,1.0,English,2013-08-07,3.4,58.0,162596.0,6.5,67.0
United States of America,Pulp Fiction,comedy film,1.0,English,1994-05-12,4.2,96.0,1125029.0,9.1,94.0
United States of America,Lost in Translation (film),romantic comedy,1.0,English,2003-08-29,3.6,85.0,336493.0,8.4,95.0
United States of America,Silver Linings Playbook,drama film,1.0,English,2012-01-01,4.1,86.0,259743.0,8.2,92.0
Q142,Lemony Snicket's A Series of Unfortunate Events,children's film,1.0,English,2004-12-16,3.2,63.0,485072.0,6.7,71.0
United States of America,Duplex (film),comedy film,0.0,English,2003-01-01,2.9,40.0,72022.0,5.0,35.0
United States of America,Bullet to the Head,crime film,0.0,English,2012-01-01,3.0,39.0,27785.0,5.1,46.0
Q142,Resident Evil (film),action film,1.0,English,2002-01-01,3.4,67.0,446357.0,4.5,34.0
United States of America,He's Just Not That into You (film),romantic comedy,1.0,English,2009-01-01,3.4,59.0,433933.0,5.1,40.0
United States of America,What Women Want,romantic comedy,1.0,English,2000-01-01,3.1,54.0,628992.0,5.7,54.0
United States of America,Brokeback Mountain,romance film,1.0,English,2005-09-02,3.4,82.0,519352.0,8.2,87.0
United States of America,Batman Begins,action film,1.0,English,2005-06-15,3.9,94.0,1113004.0,7.7,84.0
United States of America,Jurassic Park (film),science fiction film,1.0,English,1993-06-11,3.6,91.0,1068771.0,8.3,92.0
United States of America,Toy Story,buddy film,1.0,English,1995-11-22,3.7,92.0,1108510.0,9.0,100.0
United States of America,Lady and the Tramp,romantic comedy,1.0,English,1955-06-16,3.5,80.0,860938.0,7.7,90.0
Q159,12 (2007 film),crime film,1.0,Q7737,2007-09-07,3.5,83.0,47343.0,6.8,76.0
United States of America,The Avengers (2012 film),action film,1.0,English,2011-07-15,4.4,91.0,1132394.0,8.0,92.0
United States of America,Indiana Jones and the Kingdom of the Crystal Skull,action film,1.0,English,2008-05-22,3.3,53.0,1320177.0,6.9,77.0
United States of America,No Country for Old Men (film),drama film,1.0,English,2007-11-09,4.0,86.0,397938.0,8.7,93.0
United Kingdom,The Shining (film),horror film,1.0,English,1980-05-23,4.0,93.0,479694.0,8.4,86.0
United States of America,The Dark Knight Rises,superhero film,1.0,English,2012-07-20,4.3,90.0,1209586.0,8.0,87.0
United States of America,Sin City (film),crime film,1.0,English,2005-04-01,3.3,78.0,32222346.0,7.4,77.0
United States of America,Breakfast at Tiffany's (film),romantic comedy,1.0,English,1961-01-01,3.9,91.0,242394.0,7.4,88.0
Q408,Moulin Rouge!,romantic comedy,1.0,English,2001-01-01,3.7,89.0,504908.0,7.1,76.0
United States of America,Bruce Almighty,comedy film,1.0,English,2003-05-23,3.3,57.0,33024043.0,5.7,49.0
Q17,The Ring (2002 film),horror film,1.0,English,2002-10-02,3.0,48.0,32459306.0,6.6,71.0
United States of America,War Horse (film),war film,1.0,English,2011-01-01,3.8,74.0,69457.0,7.0,76.0
United States of America,Scary Movie,teen film,1.0,English,2000-07-07,3.0,43.0,32581878.0,5.5,53.0
United States of America,As Good as It Gets,romantic comedy,1.0,English,1997-01-01,3.5,86.0,378353.0,7.2,84.0
United States of America,Dirty Dancing,romance film,1.0,English,1987-08-21,3.7,90.0,1054961.0,6.1,72.0
Q29,The Impossible (2012 film),disaster film,1.0,English,2012-01-01,4.0,84.0,48889.0,7.3,81.0
United States of America,Ice Age (2002 film),fantasy film,1.0,English,2002-03-15,3.6,82.0,1134504.0,6.8,77.0
United States of America,Conan the Barbarian (1982 film),action film,1.0,English,1982-04-02,3.1,74.0,131092.0,6.6,70.0
United States of America,The Mask of Zorro,action film,1.0,English,1998-01-01,3.3,72.0,375109.0,7.1,81.0
United States of America,"Good Night, and Good Luck",drama film,1.0,English,2005-10-07,3.6,83.0,142607.0,8.1,93.0
United States of America,The Great Mouse Detective,musical film,1.0,English,1986-07-02,3.4,79.0,58678.0,6.9,81.0
Q142,Moonraker (film),science fiction film,1.0,English,1979-06-26,3.0,43.0,57870.0,5.6,62.0
United Kingdom,Bend It Like Beckham,romantic comedy,1.0,English,2002-04-11,3.2,73.0,469641.0,7.2,85.0
United States of America,Naked Gun 33â…“: The Final Insult,comedy film,1.0,English,1994-01-01,2.9,53.0,125689.0,5.6,55.0
United States of America,Beverly Hills Chihuahua,comedy film,1.0,English,2008-10-03,3.1,51.0,186562.0,5.0,40.0
United States of America,300: Rise of an Empire,fantasy film,1.0,English,2014-03-04,3.3,51.0,140277.0,5.0,43.0
United States of America,Water for Elephants (film),drama film,1.0,English,2011-04-22,3.7,70.0,68213.0,6.1,60.0
United States of America,Planet of the Apes (2001 film),science fiction film,1.0,English,2001-07-27,2.7,27.0,366706.0,5.5,45.0
United States of America,Grumpy Old Men (film),romantic comedy,1.0,English,1993-01-01,3.2,74.0,154124.0,5.8,62.0
United Kingdom,The Girl with the Dragon Tattoo (2011 film),crime thriller,1.0,English,2011-12-12,4.1,86.0,118434.0,7.6,86.0
United States of America,Zookeeper (film),romantic comedy,1.0,English,2011-01-01,3.0,41.0,44619.0,3.4,14.0
United States of America,Anastasia (1997 film),comedy-drama,1.0,English,1997-11-21,3.3,77.0,432429.0,7.1,85.0
United States of America,Outbreak (film),drama film,1.0,English,1995-01-01,3.1,56.0,104777.0,5.6,59.0
United States of America,Lost in Space (film),action film,1.0,English,1998-04-03,2.5,24.0,173809.0,4.7,27.0
United States of America,The Hunt for Red October (film),thriller film,1.0,English,1990-03-02,3.6,88.0,172397.0,7.8,86.0
United States of America,The Room (film),romance film,0.0,English,2003-06-27,2.7,46.0,9280.0,2.9,26.0
United States of America,Tango & Cash,action film,1.0,English,1989-01-01,3.0,52.0,59972.0,4.3,33.0
United States of America,Lionheart (1990 film),action film,1.0,English,1990-01-01,3.0,52.0,15343.0,4.1,21.0
Q414,Wild Tales (film),comedy film,1.0,Q1321,2014-01-01,4.3,92.0,14064.0,8.0,95.0
United States of America,Fantastic Four (2015 film),superhero film,1.0,English,2015-01-01,2.1,18.0,137233.0,3.5,9.0
United States of America,While We're Young (film),comedy film,0.0,English,2014-01-01,3.2,51.0,20471.0,7.3,84.0
United States of America,Triple 9,heist film,0.0,English,2016-02-16,3.1,42.0,19564.0,5.8,53.0
United States of America,The Walk (2015 film),biographical film,1.0,English,2015-09-30,3.8,77.0,35883.0,7.2,84.0
United States of America,Sicario (2015 film),drama film,1.0,English,2015-09-18,4.0,85.0,66431.0,8.0,93.0
United States of America,Spotlight (film),drama film,1.0,English,2015-11-06,4.3,93.0,69134.0,8.8,97.0
Q408,The Dressmaker (2015 film),drama film,1.0,English,2015-01-01,3.6,66.0,9805.0,5.8,54.0
United States of America,The Nice Guys,mystery film,1.0,English,2016-01-01,3.8,79.0,55220.0,7.5,92.0
United States of America,The Martian (film),science fiction film,1.0,English,2015-10-01,4.3,91.0,130301.0,7.8,91.0
United States of America,Daddy's Home (film),comedy film,1.0,English,2015-12-09,3.3,49.0,43529.0,4.9,31.0
United States of America,The Good Dinosaur,comedy film,1.0,English,2014-05-30,3.6,65.0,58443.0,6.5,76.0
Q142,The Intouchables,comedy film,1.0,French,2011-09-23,4.3,93.0,44926.0,6.7,74.0
United States of America,101 Dalmatians (1996 film),children's film,0.0,English,1996-11-27,2.9,40.0,625152.0,5.3,37.0
United Kingdom,World War Z (film),action thriller,1.0,English,2013-06-02,3.7,72.0,304547.0,6.2,66.0
United States of America,Lincoln (film),war film,1.0,English,2012-10-08,4.0,80.0,245439.0,8.0,90.0
United States of America,Lilo & Stitch,buddy film,1.0,English,2002-06-21,3.3,77.0,466729.0,7.3,86.0
United States of America,Dumbo,buddy film,1.0,English,1941-10-23,3.3,70.0,431899.0,8.3,97.0
United States of America,Ghost (1990 film),romance film,1.0,English,1990-01-01,3.5,80.0,469342.0,6.8,74.0
United States of America,Looper (film),science fiction film,1.0,English,2012-01-01,4.0,82.0,179357.0,8.1,93.0
United States of America,Teenage Mutant Ninja Turtles (1990 film),action film,1.0,English,1990-03-30,3.3,80.0,251872.0,4.8,40.0
United States of America,"20,000 Leagues Under the Sea (1954 film)",science fiction film,0.0,English,1954-12-23,3.2,74.0,68837.0,7.7,89.0
United States of America,The Hobbit: An Unexpected Journey,fantasy film,1.0,English,2012-01-01,4.1,83.0,482300.0,6.5,65.0
United States of America,Back to the Future,science fiction film,1.0,English,1985-07-03,3.8,94.0,1092865.0,8.7,96.0
United States of America,Aliens (film),action film,1.0,English,1986-07-18,3.8,94.0,428118.0,9.0,98.0
United States of America,Home Alone,comedy film,1.0,English,1990-11-10,3.3,79.0,1025892.0,5.5,62.0
Q664,The Lord of the Rings: The Fellowship of the Ring,fantasy film,1.0,English,2001-12-19,4.1,95.0,1354813.0,8.2,91.0
United States of America,Machete (2010 film),action film,1.0,Q1321,2010-09-01,3.4,63.0,109478.0,6.3,71.0
United States of America,The Silence of the Lambs (film),thriller film,1.0,English,1991-01-30,4.1,95.0,845472.0,8.7,95.0
United States of America,King Kong (2005 film),adventure film,1.0,English,2005-12-14,2.8,50.0,33766555.0,7.7,84.0
United States of America,The Terminator,action film,1.0,English,1984-10-26,3.6,89.0,774845.0,8.8,100.0
Q142,Alexander (2004 film),drama film,1.0,English,2004-11-16,2.6,34.0,237686.0,3.9,16.0
Q142,Perfume: The Story of a Murderer (film),fantasy film,1.0,English,2006-09-07,3.4,74.0,266365.0,6.2,57.0
Germany,Don't Come Knocking,drama film,0.0,English,2005-01-01,3.0,59.0,24126.0,5.4,43.0
United States of America,The Fate of the Furious,action film,0.0,English,2017-04-04,3.8,73.0,43646.0,6.1,66.0
United States of America,13 Hours: The Secret Soldiers of Benghazi,action film,1.0,English,2016-01-01,4.1,82.0,33169.0,5.5,50.0
United States of America,90 Minutes in Heaven (film),drama,0.0,English,2015-01-01,3.2,50.0,5321.0,4.4,24.0
United States of America,Arrival (film),drama film,1.0,English,2016-11-10,4.0,82.0,80815.0,8.4,94.0
United States of America,La La Land (film),romance film,1.0,English,2016-12-07,4.1,81.0,69152.0,8.7,92.0
United States of America,Passengers (2016 film),science fiction film,1.0,English,2016-12-21,3.5,63.0,54279.0,5.0,30.0
United States of America,Hacksaw Ridge,biographical film,1.0,English,2016-01-01,4.3,91.0,54503.0,7.2,86.0
United States of America,Sully (film),drama film,1.0,English,2016-01-01,4.0,84.0,47959.0,7.2,86.0
United States of America,A Dog's Purpose (film),comedy-drama,1.0,English,2017-01-27,3.9,73.0,22605.0,4.8,33.0
Q142,Dunkirk (2017 film),drama film,1.0,English,2017-07-13,4.0,81.0,65798.0,8.6,92.0
United States of America,Robin Hood (1973 film),musical film,1.0,English,1973-11-08,3.5,81.0,271478.0,5.4,52.0
United Kingdom,Monty Python and the Holy Grail,fantasy film,1.0,English,1975-04-09,4.1,95.0,643985.0,8.5,97.0
United Kingdom,Die Another Day,spy film,1.0,English,2002-11-22,3.1,41.0,430034.0,6.1,58.0
United States of America,The Lion King,musical film,1.0,English,1994-06-15,4.0,93.0,1268686.0,8.4,93.0
United States of America,Modern Times (film),romantic comedy,0.0,English,1936-02-05,4.3,95.0,39909.0,9.0,100.0
United Kingdom,The Prestige (film),science fiction film,1.0,English,2006-10-17,4.0,92.0,550061.0,7.1,75.0
United States of America,The Matrix,science fiction action film,1.0,English,1999-03-31,3.6,85.0,33323365.0,7.6,87.0
Q16,Resident Evil: Retribution,science fiction action film,1.0,English,2012-01-01,3.3,51.0,241740.0,4.3,30.0
United Kingdom,Harry Potter and the Order of the Phoenix (film),fantasy film,1.0,English,2007-06-28,3.9,81.0,2332189.0,6.9,78.0
United Kingdom,Thunderball (film),spy film,1.0,English,1965-01-01,3.5,73.0,62997.0,6.8,86.0
United States of America,Renaissance Man (film),comedy-drama,0.0,English,1994-01-01,2.9,52.0,30498.0,4.4,17.0
Q664,The Lord of the Rings: The Return of the King,fantasy film,1.0,English,2003-12-01,3.7,86.0,34678797.0,8.7,93.0
United States of America,Rise of the Guardians,fantasy film,1.0,English,2012-10-10,4.0,80.0,123912.0,6.5,74.0
Q142,Basic Instinct,crime film,1.0,English,1992-01-01,3.1,63.0,131694.0,5.8,53.0
Germany,Inglourious Basterds,war film,1.0,English,2009-01-01,4.0,87.0,774075.0,7.8,88.0
United States of America,Gangs of New York,crime film,1.0,English,2002-12-20,3.5,81.0,293748.0,7.1,74.0
United States of America,500 Days of Summer,romantic comedy,1.0,English,2009-01-17,3.8,84.0,396515.0,7.6,85.0
Germany,Around the World in 80 Days (2004 film),children's film,1.0,English,2004-06-16,2.7,34.0,262203.0,4.8,31.0
United States of America,Pirates of the Caribbean: Dead Man's Chest,fantasy film,1.0,English,2006-07-07,3.9,72.0,1847318.0,6.0,54.0
United States of America,Star Wars: Episode I â€“ The Phantom Menace,science fiction film,1.0,English,1999-05-19,3.3,59.0,1205737.0,6.0,55.0
Q142,The Artist (film),romantic comedy,1.0,English,2011-05-11,4.2,87.0,58268.0,8.8,95.0
United States of America,Up (2009 film),adventure film,1.0,English,2009-05-13,3.8,90.0,1202529.0,8.7,98.0
United States of America,Heartbreakers (2001 film),romantic comedy,1.0,English,2001-03-23,2.9,51.0,71260.0,5.3,53.0
United Kingdom,Love Actually,romantic comedy,1.0,English,2003-11-14,3.1,72.0,31626670.0,6.3,63.0
United States of America,Amadeus (film),biographical film,1.0,English,1984-01-01,3.9,95.0,179688.0,8.7,95.0
United States of America,The Godfather Part III,crime film,1.0,English,1990-12-25,3.7,78.0,305374.0,6.4,67.0
United States of America,The Help (film),comedy-drama,1.0,English,2011-08-09,4.2,89.0,107348.0,7.0,75.0
United Kingdom,Kingdom of Heaven (film),historical film,1.0,Q397,2005-05-04,3.4,72.0,365226.0,5.5,39.0
United States of America,Sleepy Hollow (film),gothic horror film,1.0,English,1999-11-16,3.5,80.0,606686.0,6.3,68.0
United Kingdom,Eyes Wide Shut,mystery film,1.0,English,1999-01-01,3.0,73.0,192080.0,7.5,74.0
United States of America,The Expendables 2,action film,1.0,English,2012-08-08,3.7,67.0,315015.0,5.8,66.0
United States of America,Cast Away,adventure film,1.0,English,2000-12-07,3.5,83.0,743348.0,7.4,90.0
United States of America,The Hunchback of Notre Dame (1996 film),buddy film,1.0,English,1996-06-21,3.2,70.0,125584.0,7.1,74.0
Q29,Pan's Labyrinth,fantasy film,1.0,Q1321,2006-05-27,4.1,91.0,635558.0,8.6,95.0
United States of America,A Walk to Remember,romance film,1.0,English,2002-01-23,3.3,78.0,31401998.0,4.1,27.0
United States of America,Black Hawk Down (film),war film,1.0,English,2001-12-18,3.7,88.0,472640.0,7.0,76.0
United States of America,The Emperor's New Groove,buddy film,1.0,English,2000-12-15,3.4,83.0,449997.0,7.1,85.0
United States of America,X-Men: First Class,action film,1.0,English,2011-05-25,4.0,87.0,183659.0,7.4,86.0
United States of America,John Carter (film),fantasy film,1.0,English,2012-03-08,3.5,60.0,114260.0,5.7,50.0
United States of America,City Lights,romance film,1.0,English,1931-01-30,4.4,96.0,26832.0,9.1,98.0
United States of America,Rise of the Planet of the Apes,science fiction film,1.0,English,2011-08-05,4.0,77.0,448615.0,7.1,81.0
United States of America,Yes Man (film),romantic comedy,1.0,English,2008-12-09,3.6,66.0,317399.0,5.3,46.0
United States of America,Saw II,horror film,1.0,English,2005-01-01,3.2,59.0,32524605.0,4.6,37.0
United States of America,Mars Attacks!,horror film,1.0,English,1996-12-12,2.8,53.0,436259.0,5.9,52.0
United States of America,Cloudy with a Chance of Meatballs 2,comedy film,0.0,English,2013-09-26,3.7,66.0,123736.0,6.4,71.0
United States of America,G.I. Joe: The Rise of Cobra,action film,1.0,English,2009-08-06,3.2,50.0,996047.0,4.6,35.0
United States of America,A Nightmare on Elm Street (2010 film),horror film,1.0,English,2010-04-27,3.0,43.0,199741.0,3.7,15.0
United States of America,The Producers (1967 film),comedy film,0.0,English,1968-01-01,3.7,85.0,56012.0,8.0,91.0
United States of America,Big Momma's House,comedy film,1.0,English,2000-06-02,3.2,57.0,475688.0,4.4,30.0
Germany,The NeverEnding Story (film),fantasy film,0.0,English,1984-01-01,3.5,81.0,373932.0,7.0,82.0
United States of America,American Pie 2,romantic comedy,1.0,English,2001-08-10,3.2,68.0,954797.0,5.4,52.0
United States of America,RoboCop,action film,1.0,English,1987-07-17,3.2,84.0,225855.0,7.8,88.0
Q159,The Return (2003 film),drama film,1.0,Q7737,2003-06-25,4.2,93.0,9482.0,8.0,95.0
United States of America,Night at the Museum,fantasy film,1.0,English,2006-12-17,3.5,67.0,723772.0,5.3,43.0
Q142,Arthur and the Revenge of Maltazard,flashback film,0.0,English,2009-01-01,2.7,32.0,1485.0,4.0,14.0
Q16,The X-Files: I Want to Believe,action film,1.0,English,2008-07-24,2.8,32.0,253678.0,4.8,31.0
United States of America,Battleship (film),science fiction film,1.0,English,2012-04-03,3.3,54.0,456309.0,4.6,34.0
United States of America,Shrek,action film,1.0,English,2001-04-22,3.9,90.0,1378267.0,7.8,88.0
United States of America,Shrek 2,action film,1.0,English,2004-05-15,3.5,69.0,34232224.0,7.7,88.0
United States of America,Arabesque (1966 film),spy film,1.0,English,1966-01-01,3.4,55.0,694.0,6.4,64.0
United States of America,The Croods,fantasy film,1.0,English,2013-02-15,3.9,77.0,193393.0,6.5,71.0
Germany,Hansel & Gretel: Witch Hunters,action film,1.0,English,2013-01-17,3.4,53.0,98487.0,4.0,15.0
United States of America,Don Jon,drama film,1.0,English,2013-01-01,3.4,58.0,76233.0,6.8,80.0
United States of America,The Insider (film),biographical film,0.0,English,1999-01-01,3.8,90.0,58969.0,8.1,96.0
United States of America,The Jazz Singer,romance film,1.0,English,1927-10-06,3.3,57.0,4479.0,6.4,74.0
United States of America,The Incredible Hulk (film),action film,1.0,English,2008-06-13,3.6,71.0,737382.0,6.2,67.0
United States of America,The Longest Day (film),All-star,1.0,English,1962-09-25,3.9,90.0,42824.0,7.8,91.0
United States of America,Amistad (film),drama film,1.0,English,1997-01-01,3.5,79.0,51048.0,6.9,77.0
United States of America,Saw (2004 film),gore,1.0,English,2004-01-01,3.7,84.0,852295.0,5.5,49.0
United States of America,Groundhog Day (film),comedy film,1.0,English,1993-02-12,3.4,88.0,415786.0,8.0,96.0
United States of America,Enchanted (film),romantic comedy,1.0,English,2007-10-20,3.8,80.0,407247.0,7.3,93.0
United States of America,Hoop Dreams,documentary film,1.0,English,1994-01-01,4.2,92.0,12503.0,8.7,98.0
United States of America,Atlas Shrugged: Part I,science fiction film,0.0,English,2011-01-01,3.6,69.0,16936.0,3.6,10.0
United States of America,Spy Kids 3-D: Game Over,spy film,1.0,English,2003-01-01,2.5,24.0,96562.0,5.4,45.0
United States of America,Django Unchained,action film,1.0,English,2012-12-25,4.3,91.0,427274.0,8.0,87.0
United States of America,The Way Back,war film,0.0,English,2010-01-01,3.6,72.0,33678.0,6.8,75.0
United States of America,Oz the Great and Powerful,fantasy film,1.0,English,2013-02-14,3.4,56.0,292840.0,6.0,59.0
United States of America,Jack Reacher (film),crime film,1.0,English,2012-12-21,3.6,67.0,115720.0,6.2,62.0
United States of America,Snow White and the Huntsman,fantasy film,1.0,English,2012-05-30,3.3,52.0,409924.0,5.6,48.0
United States of America,Total Recall (2012 film),action film,1.0,English,2012-01-01,3.2,47.0,116605.0,5.0,30.0
United States of America,Young Sherlock Holmes,teen film,1.0,English,1985-01-01,3.3,63.0,11203.0,5.7,67.0
Q142,Amour (2012 film),drama film,1.0,French,2012-01-01,4.0,82.0,20742.0,8.7,93.0
United States of America,Unstoppable (2010 film),action film,1.0,English,2010-10-26,3.7,72.0,104482.0,6.9,86.0
Q258,The Gods Must Be Crazy,comedy film,1.0,English,1980-01-01,3.5,84.0,49613.0,7.4,95.0
United States of America,The Cider House Rules (film),romance film,1.0,English,1999-09-07,3.4,77.0,53406.0,6.6,71.0
United States of America,Grindhouse (film),action film,0.0,Q1321,2007-01-01,3.9,87.0,330221.0,7.4,83.0
United States of America,Scoop (2006 film),romantic comedy,1.0,English,2006-01-01,3.2,55.0,70147.0,5.4,40.0
United States of America,Whatever Works,romantic comedy,1.0,English,2009-01-01,3.4,61.0,39654.0,5.4,49.0
United States of America,The Hobbit: The Desolation of Smaug,high fantasy,1.0,English,2013-12-02,4.1,85.0,263439.0,6.8,75.0
United States of America,Misery (film),thriller film,1.0,English,1990-11-30,3.7,89.0,177463.0,7.5,89.0
United States of America,Yentl (film),musical film,1.0,English,1983-01-01,3.5,75.0,7860.0,6.0,73.0
United States of America,Twins (1988 film),buddy film,1.0,English,1988-12-08,2.7,39.0,204091.0,4.8,37.0
Q142,The Crimson Rivers,psychological thriller,1.0,French,2000-01-01,3.5,70.0,15587.0,6.0,68.0
United States of America,From Paris with Love (film),action film,1.0,English,2010-01-01,3.3,54.0,155661.0,4.7,37.0
United States of America,The Road to El Dorado,fantasy film,0.0,English,2000-03-31,3.2,64.0,62266.0,5.5,48.0
United States of America,My Best Friend's Wedding,romantic comedy,1.0,English,1997-01-01,3.3,73.0,451637.0,6.4,73.0
United States of America,The Hobbit: The Battle of the Five Armies,adventure film,1.0,English,2014-12-01,3.9,74.0,214205.0,6.3,59.0
Q27,The Guard (2011 film),comedy film,1.0,English,2011-01-01,3.9,81.0,25833.0,7.7,95.0
United States of America,Unfaithful (2002 film),erotic thriller,1.0,English,2002-01-01,3.3,68.0,59988.0,5.7,50.0
United Kingdom,Mindhunters,crime film,0.0,English,2004-03-19,3.2,57.0,34016.0,4.3,25.0
United States of America,Pacific Rim (film),science fiction film,1.0,English,2013-07-01,3.9,77.0,193281.0,6.6,71.0
United States of America,American Psycho (film),crime film,1.0,English,2000-01-01,3.6,85.0,303595.0,6.3,68.0
United States of America,Last Man Standing (1996 film),action film,0.0,English,1996-01-01,3.1,51.0,50050.0,5.1,37.0
United States of America,High Fidelity (film),romantic comedy,1.0,English,2000-03-17,3.7,90.0,211538.0,7.7,91.0
United States of America,Jack and Jill (2011 film),comedy film,1.0,English,2011-01-01,2.6,36.0,68485.0,2.6,3.0
United Kingdom,The Golden Voyage of Sinbad,fantasy film,1.0,English,1973-01-01,3.3,63.0,7659.0,5.5,73.0
United States of America,Heathers,comedy film,0.0,English,1989-01-01,3.7,84.0,74968.0,7.8,95.0
United States of America,White Zombie (film),horror film,1.0,English,1932-01-01,3.4,57.0,6801.0,7.3,89.0
United Kingdom,Kick-Ass 2 (film),action film,0.0,English,2013-08-14,3.4,57.0,112530.0,4.8,33.0
United States of America,Captain America: The Winter Soldier,action film,1.0,English,2014-03-26,4.3,92.0,279153.0,7.6,89.0
Germany,Rush (2013 film),action film,1.0,English,2013-09-02,4.1,88.0,78776.0,7.5,88.0
United States of America,Minions (film),comedy film,1.0,English,2015-01-01,3.3,49.0,136539.0,5.8,56.0
United Kingdom,The Last King of Scotland (film),television drama,1.0,English,2006-01-01,3.8,89.0,257900.0,7.3,87.0
United States of America,The Invention of Lying,romantic comedy,1.0,English,2009-01-01,2.5,39.0,667167.0,5.9,57.0
Q408,The Proposition (2005 film),Western,1.0,English,2005-01-01,3.7,85.0,68872.0,7.3,86.0
United States of America,Blade Runner,neo-noir,1.0,English,1982-06-25,4.0,91.0,336264.0,8.5,90.0
United States of America,Troy (film),war film,1.0,English,2004-05-13,3.5,73.0,824604.0,6.0,54.0
United States of America,Chicago (2002 film),musical film,1.0,English,2002-12-10,3.5,83.0,439256.0,7.9,85.0
United States of America,Some Like It Hot,romantic comedy,1.0,English,1959-03-29,4.1,94.0,81941.0,9.0,96.0
United States of America,Terminator Salvation,action film,1.0,English,2009-05-21,3.3,54.0,884595.0,5.1,33.0
United States of America,Predator (film),action film,1.0,English,1987-06-12,3.6,87.0,388145.0,7.0,80.0
Q408,The Matrix Revolutions,science fiction action film,1.0,English,2003-11-05,3.4,60.0,791608.0,5.3,36.0
United States of America,Shrek Forever After,action film,1.0,English,2010-04-21,3.4,54.0,352761.0,5.9,58.0
United States of America,Vicky Cristina Barcelona,romantic comedy,1.0,Q1321,2008-01-01,3.6,74.0,103851.0,6.9,81.0
United States of America,Star Trek (film),action film,1.0,English,2009-05-07,4.1,91.0,747057.0,8.1,94.0
United States of America,21 Jump Street (film),crime film,1.0,English,2012-03-12,4.0,82.0,257094.0,7.2,85.0
United States of America,The Truman Show,science fiction film,1.0,English,1998-06-01,3.5,88.0,582476.0,8.4,94.0
United States of America,Sleeping Beauty (1959 film),fantasy film,0.0,English,1959-01-29,3.4,80.0,427752.0,8.2,90.0
United States of America,Home Alone 2: Lost in New York,comedy film,1.0,English,1992-11-20,3.0,61.0,909034.0,3.7,30.0
United States of America,Batman Forever,action film,1.0,English,1995-06-16,2.9,32.0,608496.0,5.2,39.0
United States of America,Fargo (film),crime film,1.0,English,1996-05-28,3.9,92.0,233346.0,8.7,93.0
United States of America,Percy Jackson & the Olympians: The Lightning Thief,fantasy film,1.0,English,2010-02-11,3.3,53.0,254209.0,5.3,49.0
United States of America,Minority Report (film),science fiction film,1.0,English,2002-06-17,3.4,80.0,480835.0,8.1,91.0
United Kingdom,Grease (film),romantic comedy,1.0,English,1978-06-13,3.7,87.0,1160933.0,6.7,76.0
United States of America,Peter Pan (1953 film),fantasy film,1.0,English,1953-02-05,3.5,80.0,277765.0,7.0,77.0
United Kingdom,The Phantom of the Opera (2004 film),romance film,1.0,English,2004-01-01,3.7,84.0,411904.0,5.0,33.0
United States of America,The Others (2001 film),horror film,1.0,English,2001-01-01,3.4,77.0,343982.0,7.2,83.0
United States of America,How to Train Your Dragon (film),fantasy film,1.0,English,2010-03-18,4.2,91.0,311537.0,7.9,98.0
United States of America,Jobs (film),biographical film,1.0,English,2013-01-01,3.0,40.0,40948.0,4.9,29.0
United States of America,In the Line of Fire,crime film,1.0,English,1993-01-01,3.4,79.0,54859.0,7.8,96.0
United States of America,Insomnia (2002 film),crime film,1.0,English,2002-01-01,3.3,77.0,104942.0,7.7,92.0
United States of America,Jackie Brown,heist film,1.0,English,1997-01-01,3.5,85.0,214676.0,7.4,86.0
United States of America,Hellboy (2004 film),action film,1.0,English,2004-01-01,3.2,65.0,458499.0,6.8,81.0
United Kingdom,The Other Boleyn Girl (2008 film),biographical film,1.0,English,2008-02-15,3.4,62.0,205153.0,5.3,43.0
United States of America,Night at the Museum: Battle of the Smithsonian,fantasy film,1.0,English,2009-05-14,3.3,47.0,508842.0,5.1,44.0
United States of America,Any Given Sunday,drama film,1.0,English,1999-12-16,3.3,73.0,138824.0,5.5,51.0
United States of America,Airplane!,satire,1.0,English,1980-06-27,3.6,89.0,291204.0,8.4,97.0
United States of America,Romancing the Stone,romantic comedy,1.0,Q1321,1984-01-01,3.2,69.0,77480.0,7.3,86.0
United States of America,"Crazy, Stupid, Love",comedy-drama,1.0,English,2011-07-28,3.8,78.0,108062.0,6.9,78.0
Germany,The Last Station,biographical film,0.0,English,2009-09-04,3.5,67.0,20673.0,6.7,70.0
United States of America,Flight (2012 film),drama film,1.0,English,2012-01-01,3.8,75.0,153045.0,7.0,78.0
United States of America,The Cotton Club (film),musical film,0.0,English,1984-01-01,3.2,55.0,7201.0,6.3,73.0
United States of America,The Texas Chainsaw Massacre: The Beginning,horror film,1.0,English,2006-10-06,3.1,53.0,491630.0,3.4,12.0
United States of America,The Blair Witch Project,horror film,1.0,English,1999-01-25,2.6,56.0,401439.0,7.7,87.0
United States of America,Another 48 Hrs.,action film,1.0,English,1990-01-01,2.9,35.0,59409.0,3.8,15.0
United States of America,Underworld: Evolution,action film,1.0,French,2006-01-01,3.6,72.0,567091.0,3.8,16.0
United Kingdom,Sky Captain and the World of Tomorrow,science fiction film,0.0,English,2004-09-14,2.8,46.0,119088.0,6.8,71.0
United States of America,Predator 2,action film,1.0,English,1990-11-21,2.9,43.0,138725.0,4.8,28.0
United States of America,The Town (2010 film),heist film,1.0,English,2010-01-01,3.9,85.0,141567.0,7.7,93.0
United States of America,Nine (2009 live-action film),musical film,0.0,English,2009-01-01,2.9,37.0,109456.0,5.1,38.0
United States of America,Limitless (film),action film,1.0,English,2011-03-08,3.7,74.0,107896.0,6.4,69.0
United States of America,Beethoven (film),comedy film,1.0,English,1992-01-01,2.8,35.0,432309.0,4.7,31.0
United States of America,The Ice Harvest,crime film,0.0,English,2005-01-01,2.9,43.0,60341.0,5.5,46.0
United States of America,Nixon (film),biographical film,0.0,English,1995-01-01,3.5,74.0,12575.0,6.8,75.0
United States of America,The Lovely Bones (film),drama film,1.0,English,2009-01-01,3.2,52.0,373556.0,5.0,32.0
Q16,The Woman in Black (2012 film),horror film,1.0,English,2012-01-01,3.3,54.0,97600.0,6.0,66.0
United States of America,Awakenings,drama film,1.0,English,1990-01-01,3.7,89.0,54983.0,6.7,88.0
United States of America,Red (2010 film),action film,1.0,English,2010-09-29,3.7,72.0,135907.0,6.3,71.0
United States of America,The Polar Express (film),fantasy film,1.0,English,2004-10-21,3.2,63.0,241630.0,6.4,55.0
United States of America,The Taking of Pelham 123 (2009 film),crime film,1.0,English,2009-01-01,3.0,52.0,662527.0,5.4,51.0
United States of America,Green Lantern (film),action film,1.0,English,2011-06-14,3.1,45.0,148902.0,4.6,26.0
United States of America,Race to Witch Mountain,science fiction film,0.0,English,2009-03-13,3.2,44.0,348145.0,5.1,42.0
United States of America,Fantasia (1940 film),musical film,1.0,English,1940-11-13,3.6,83.0,128953.0,8.6,96.0
United States of America,Animal House,comedy film,1.0,English,1978-07-27,3.8,89.0,185394.0,7.7,91.0
United States of America,Curdled (film),black comedy film,0.0,English,1996-09-27,3.2,56.0,1472.0,4.3,17.0
United States of America,The Brothers Bloom,romantic comedy,0.0,English,2008-01-01,3.3,64.0,91153.0,6.2,67.0
United States of America,What About Bob?,comedy film,1.0,English,1991-01-01,3.3,79.0,119127.0,6.5,83.0
United States of America,Bride of Chucky,slasher film,1.0,English,1998-01-01,2.6,46.0,364076.0,5.4,46.0
United States of America,Conan the Barbarian (2011 film),adventure film,0.0,English,2011-01-01,2.7,30.0,49000.0,4.1,23.0
Q408,Crocodile Dundee II,comedy film,1.0,English,1988-01-01,2.7,37.0,264397.0,3.5,11.0
United States of America,Analyze This,comedy film,1.0,English,1999-01-01,3.1,62.0,224531.0,6.5,69.0
United States of America,The Swarm (film),horror film,0.0,English,1978-01-01,2.5,18.0,4114.0,4.0,13.0
Q16,Incendies,drama film,1.0,Arabic,2010-01-01,4.3,92.0,17629.0,7.9,93.0
United States of America,Destination Moon (film),science fiction film,1.0,English,1950-06-27,3.1,47.0,1407.0,4.7,60.0
United States of America,New York Minute (film),teen film,0.0,English,2004-05-01,3.0,47.0,84030.0,3.5,11.0
United States of America,Mirrors (film),horror film,1.0,English,2008-01-01,3.1,44.0,90767.0,3.8,14.0
United States of America,Finding Dory,comedy film,1.0,English,2015-11-25,4.1,84.0,180868.0,7.6,94.0
United States of America,The Mummy (2017 film),action film,1.0,English,2017-06-08,2.8,35.0,47135.0,4.2,15.0
United States of America,Batman v Superman: Dawn of Justice,fictional crossover,1.0,English,2016-03-23,3.5,63.0,231112.0,4.9,27.0
United States of America,Gone Girl (film),thriller film,1.0,English,2014-09-26,4.1,87.0,127151.0,8.0,87.0
United States of America,The Giver (film),science fiction film,1.0,English,2014-08-11,3.4,55.0,55987.0,5.3,35.0
United States of America,Zootopia,action comedy film,1.0,English,2016-02-17,4.4,92.0,99948.0,8.1,98.0
United States of America,Night at the Museum: Secret of the Tomb,comedy film,1.0,English,2014-01-01,3.5,57.0,100752.0,5.0,49.0
United States of America,Cinderella (2015 Disney film),cinematic fairy tale,0.0,English,2015-03-12,3.9,78.0,77260.0,7.1,84.0
United States of America,Jersey Boys (film),musical film,1.0,English,2014-01-01,3.6,62.0,25419.0,5.9,53.0
United States of America,Unbroken (film),drama film,1.0,English,2014-12-25,3.7,70.0,53115.0,6.0,51.0
United States of America,Grimsby (film),comedy film,0.0,English,2016-02-24,3.0,41.0,14835.0,4.7,37.0
United States of America,Moana (2016 film),comedy film,1.0,English,2016-11-23,4.2,89.0,67766.0,7.9,96.0
United States of America,Now You See Me 2,heist film,1.0,English,2016-01-01,3.4,53.0,66498.0,5.0,34.0
United States of America,Pete's Dragon (2016 film),fantasy film,1.0,English,2016-08-12,3.7,72.0,36921.0,7.3,88.0
United States of America,Snowden (film),biographical film,0.0,English,2016-09-09,3.7,70.0,28366.0,6.3,61.0
United States of America,Manchester by the Sea (film),drama film,1.0,English,2016-01-01,3.9,77.0,49148.0,8.8,95.0
United States of America,Beauty and the Beast (2017 film),romance film,1.0,English,2017-03-16,4.0,81.0,85370.0,6.7,70.0
India,Kung Fu Yoga,adventure film,0.0,English,2017-01-26,2.9,37.0,747.0,4.8,50.0
United States of America,My Big Fat Greek Wedding 2,romantic comedy,1.0,English,2016-01-01,3.3,53.0,20788.0,4.6,28.0
United States of America,Hardcore Henry,action film,1.0,English,2015-01-01,3.3,54.0,18009.0,5.3,50.0
United States of America,Live by Night (film),thriller film,0.0,English,2016-01-01,3.1,42.0,13205.0,5.3,35.0
United States of America,"I, Tonya",black comedy,1.0,English,2017-01-01,4.0,88.0,10739.0,7.7,90.0
Q142,The Little Prince (2015 film),fantasy,1.0,English,2015-07-29,4.1,84.0,13927.0,7.3,93.0
United States of America,The Jungle Book (2016 film),live action,1.0,English,2016-04-08,4.1,86.0,93624.0,7.7,95.0
United States of America,The 5th Wave (film),science fiction film,1.0,English,2016-01-01,2.9,38.0,31832.0,4.2,15.0
United States of America,The Hateful Eight,Western,1.0,English,2015-12-01,3.8,76.0,71876.0,7.3,74.0
United Kingdom,London Has Fallen,thriller film,1.0,English,2016-03-04,3.3,51.0,36589.0,3.9,25.0
United States of America,Captain America: Civil War,superhero film,1.0,English,2016-04-27,4.3,89.0,176420.0,7.7,91.0
Q31,The Devil's Double,biographical film,0.0,English,2011-01-22,3.5,64.0,13944.0,5.8,55.0
United States of America,Talk Radio (film),drama film,0.0,English,1988-01-01,3.6,81.0,6731.0,7.0,82.0
United States of America,Blue Jasmine,comedy-drama,1.0,English,2013-07-26,3.8,77.0,48806.0,8.1,91.0
United States of America,42 (film),biographical film,1.0,English,2013-04-12,4.1,85.0,119430.0,6.8,79.0
United States of America,Labor Day (film),drama film,1.0,English,2013-01-01,3.4,54.0,20531.0,5.2,34.0
Q159,The Duelist (2016 film),drama film,0.0,Q7737,2016-09-09,3.7,68.0,98.0,5.5,46.0
United States of America,Lights Out (2016 film),horror film,1.0,English,2016-01-01,3.5,62.0,27083.0,6.3,76.0
United States of America,Queen of Katwe,biographical film,0.0,English,2016-09-23,4.1,87.0,9700.0,7.4,93.0
United States of America,The Girl on the Train (2016 film),thriller film,1.0,English,2016-01-01,3.2,49.0,34041.0,5.4,45.0
United States of America,Don't Breathe,horror film,1.0,English,2016-03-12,3.8,78.0,39686.0,7.1,88.0
United States of America,Moonlight (2016 film),drama film,1.0,English,2016-11-18,4.0,79.0,43510.0,9.0,98.0
United States of America,Super Troopers 2,comedy film,1.0,English,2018-04-20,3.8,72.0,2815.0,4.6,32.0
Q31,Robinson Crusoe (2016 film),adventure film,1.0,English,2016-02-04,2.5,28.0,2968.0,4.2,16.0
United States of America,Thor: Ragnarok,superhero film,1.0,English,2017-07-28,4.2,87.0,89035.0,7.5,92.0
United States of America,Kickboxer (1989 film),action film,1.0,English,1989-01-01,3.1,64.0,51269.0,4.8,40.0
United States of America,Spy Kids: All the Time in the World,spy film,1.0,English,2011-01-01,2.8,37.0,30607.0,3.9,22.0
United States of America,The Rundown,action film,0.0,English,2003-09-22,3.3,66.0,185808.0,6.4,70.0
United States of America,Due Date,comedy film,1.0,English,2010-10-31,3.3,52.0,125304.0,5.2,40.0
United States of America,The Big Hangover,comedy film,1.0,English,1950-01-01,2.9,33.0,84.0,6.3,60.0
Q408,Sanctum (film),thriller film,1.0,English,2011-01-01,2.9,37.0,38250.0,4.5,30.0
United States of America,Deep Blue Sea (1999 film),horror film,1.0,English,1999-01-01,2.8,38.0,379206.0,5.6,56.0
United States of America,Sucker Punch (2011 film),action film,1.0,English,2011-01-01,3.0,47.0,96372.0,4.0,23.0
United States of America,Oblivion (2013 film),science fiction film,1.0,English,2013-03-26,3.5,61.0,162871.0,5.9,53.0
United States of America,The Illusionist (2006 film),drama film,1.0,English,2006-01-01,3.8,83.0,417039.0,6.9,73.0
United States of America,Hellboy II: The Golden Army,action film,1.0,English,2008-06-28,3.5,71.0,822079.0,7.2,86.0
United States of America,Deuce Bigalow: Male Gigolo,comedy film,1.0,English,1999-12-02,2.9,42.0,382293.0,4.0,23.0
United States of America,The Perks of Being a Wallflower (film),romance film,1.0,English,2012-09-08,4.2,89.0,138111.0,7.4,86.0
United States of America,Contagion (film),drama film,1.0,English,2011-09-03,3.4,62.0,83498.0,7.1,84.0
United States of America,Wild Wild West,action film,1.0,English,1999-01-01,2.7,28.0,464218.0,4.1,17.0
Q142,Bandidas,heist film,0.0,English,2006-01-01,3.0,43.0,24926.0,5.4,62.0
United States of America,The Quick and the Dead (1995 film),Western,0.0,English,1995-01-01,3.1,53.0,65237.0,5.9,56.0
United States of America,Life as We Know It (film),romantic comedy,1.0,English,2010-01-01,3.5,61.0,82304.0,4.6,29.0
United States of America,The Thing (2011 film),horror film,0.0,Q9043,2011-01-01,3.1,42.0,40678.0,5.0,35.0
United States of America,Kill Bill: Volume 2,action film,1.0,English,2004-04-16,3.8,89.0,840362.0,7.8,84.0
Q258,Safe House (2012 film),thriller film,1.0,English,2012-01-01,3.6,63.0,118483.0,5.7,53.0
United States of America,Big Stan,comedy film,0.0,English,2007-01-01,3.1,44.0,5926.0,3.0,11.0
United States of America,W. (film),biographical film,1.0,English,2008-01-01,3.0,42.0,109600.0,6.0,58.0
United States of America,Jingle All the Way,family film,1.0,English,1996-11-16,2.6,38.0,228398.0,4.0,16.0
United States of America,Choke (film),comedy film,1.0,English,2008-01-01,3.2,52.0,34995.0,5.6,54.0
Q159,The 9th Company,drama film,1.0,Q7737,2005-09-29,3.7,75.0,6747.0,5.9,69.0
United States of America,Blue Streak (film),heist film,0.0,English,1999-01-01,3.0,64.0,201502.0,4.8,36.0
United States of America,Footloose (2011 film),romance film,1.0,English,2011-01-01,3.5,61.0,68671.0,6.1,69.0
United States of America,Thor: The Dark World,action film,1.0,English,2013-10-31,3.9,77.0,308393.0,6.2,66.0
United States of America,Shark Night,horror film,1.0,English,2011-01-01,2.3,22.0,28588.0,3.3,18.0
United States of America,Sgt. Pepper's Lonely Hearts Club Band (film),musical film,0.0,English,1978-01-01,2.8,44.0,7401.0,2.9,15.0
United States of America,The Last Exorcism Part II,horror film,1.0,English,2013-01-01,2.5,26.0,21796.0,3.6,16.0
United States of America,Percy Jackson: Sea of Monsters,fantasy film,1.0,English,2013-08-07,3.4,55.0,103582.0,5.2,43.0
United States of America,Courageous (film),drama film,1.0,English,2011-01-01,4.3,86.0,27630.0,4.8,30.0
United Kingdom,Philomena (film),drama film,1.0,English,2013-08-31,4.1,89.0,52269.0,7.8,91.0
United States of America,The Grand Budapest Hotel,comedy film,1.0,English,2014-02-06,4.1,86.0,96364.0,8.4,91.0
United States of America,The Fifth Estate (film),thriller film,0.0,English,2013-10-18,3.0,36.0,18691.0,5.4,37.0
United States of America,Gravity (2013 film),science fiction film,1.0,English,2013-10-03,4.0,80.0,301885.0,9.0,96.0
United States of America,The Call (2013 film),thriller film,1.0,English,2013-03-14,3.7,65.0,54319.0,5.2,45.0
United States of America,Prisoners (2013 film),crime film,1.0,English,2013-08-30,4.1,87.0,107528.0,7.3,82.0
United Kingdom,Saving Mr. Banks,biographical film,1.0,English,2013-12-13,4.0,84.0,111155.0,7.0,78.0
Q142,United Passions,drama film,0.0,English,2014-05-18,1.5,12.0,283.0,1.0,0.0
United States of America,Alice Through the Looking Glass (2016 film),fantasy film,0.0,English,2016-05-26,3.2,49.0,37569.0,4.6,29.0
United States of America,Burnt (film),comedy film,1.0,English,2015-01-01,3.1,44.0,17110.0,5.0,29.0
United States of America,Bridge of Spies (film),war film,1.0,English,2015-10-16,4.0,87.0,64930.0,7.7,91.0
United States of America,Unfriended,horror film,1.0,English,2014-01-01,2.8,37.0,29922.0,6.0,63.0
United States of America,The Intern (2015 film),comedy film,1.0,English,2015-09-24,3.8,73.0,44822.0,5.8,60.0
Q33,The Angry Birds Movie,comedy film,1.0,English,2016-05-12,3.2,46.0,29062.0,4.9,43.0
United States of America,Deadpool (film),action film,1.0,English,2016-01-01,4.3,90.0,185371.0,7.0,83.0
United States of America,Keeping Up with the Joneses (film),action film,0.0,English,2016-10-21,3.0,37.0,14016.0,4.4,20.0
United States of America,The Belko Experiment,horror film,1.0,English,2017-03-17,3.0,40.0,9311.0,5.4,52.0
United States of America,Runner Runner,crime film,1.0,English,2013-01-01,2.8,33.0,43013.0,4.0,8.0
Q159,Leviathan (2014 film),drama film,0.0,Q7737,2014-01-01,3.9,79.0,17180.0,8.6,99.0
United States of America,American Sniper,action film,1.0,English,2014-12-25,4.1,84.0,152923.0,6.9,72.0
United States of America,Goosebumps (film),horror film,1.0,English,2015-01-01,3.5,62.0,51634.0,6.3,76.0
United States of America,The Best of Me (film),romance film,1.0,English,2014-01-01,3.5,59.0,27014.0,3.5,8.0
United States of America,Mission: Impossible â€“ Rogue Nation,thriller film,1.0,English,2015-07-23,4.1,87.0,92221.0,7.5,93.0
Germany,A Man Apart,crime film,1.0,English,2003-04-04,3.4,62.0,85359.0,4.0,11.0
United States of America,The Preacher's Wife,fantasy film,1.0,English,1996-12-13,2.9,52.0,29382.0,5.9,60.0
United States of America,Timeline (film),action film,0.0,English,2003-01-01,2.9,45.0,56754.0,3.8,11.0
Q408,Mad Max: Fury Road,post-apocalyptic film,1.0,English,2015-05-13,4.2,85.0,125613.0,8.6,97.0
United States of America,Whiplash (2014 film),musical film,1.0,English,2014-01-01,4.5,94.0,68945.0,8.6,94.0
United States of America,The Age of Adaline,romance film,1.0,English,2015-04-23,3.7,67.0,38616.0,5.5,56.0
United States of America,Black Mass (film),drama film,1.0,English,2015-09-18,3.6,68.0,55322.0,6.7,73.0
Q664,What We Do in the Shadows,parody film,1.0,English,2014-01-19,4.1,86.0,26431.0,7.8,96.0
United States of America,Wild (2014 film),adventure film,1.0,English,2014-01-01,3.8,75.0,53853.0,7.5,90.0
United States of America,The Darkness (film),horror film,1.0,English,2016-01-01,2.2,19.0,6635.0,2.7,3.0
Germany,Collide (film),action film,0.0,English,2016-01-01,2.9,35.0,3874.0,4.0,23.0
United States of America,The Revenant (2015 film),Western,1.0,English,2015-12-25,4.1,84.0,104081.0,7.9,80.0
United States of America,The Drop (film),thriller film,1.0,English,2014-01-01,3.7,76.0,34291.0,7.1,89.0
United States of America,Chips (film),crime-comedy film,1.0,English,2017-01-01,3.1,45.0,11662.0,3.7,17.0
United Kingdom,A Street Cat Named Bob (film),biographical film,1.0,English,2016-11-04,3.9,76.0,4782.0,5.8,76.0
United States of America,Jackie (2016 film),biographical film,1.0,English,2016-09-07,3.4,60.0,28091.0,7.9,88.0
United States of America,Despicable Me 3,comedy film,1.0,English,2017-07-06,3.4,54.0,77993.0,5.7,59.0
United States of America,Blade Runner 2049,science fiction film,1.0,English,2017-10-03,4.1,81.0,57225.0,8.2,87.0
United States of America,Ready Player One (film),science fiction film,1.0,English,2018-03-11,4.0,79.0,19645.0,6.9,73.0
Q142,Rust and Bone,drama film,1.0,French,2012-01-01,3.8,80.0,21258.0,7.5,82.0
United States of America,The Blue Lagoon (1980 film),romance film,1.0,English,1980-01-01,2.9,53.0,55624.0,2.8,9.0
United States of America,Spartacus (film),drama film,1.0,English,1960-10-08,3.8,87.0,77817.0,8.2,96.0
United States of America,A Knight's Tale,action film,1.0,English,2001-03-08,3.5,79.0,378362.0,5.8,58.0
United States of America,Cloverfield,horror film,1.0,English,2008-01-16,3.4,68.0,420127.0,6.8,77.0
Q408,Happy Feet,buddy film,0.0,English,2006-11-17,3.6,70.0,617209.0,6.9,75.0
United States of America,300 (film),action film,1.0,English,2007-03-09,4.1,89.0,1434369.0,6.1,60.0
United States of America,Forrest Gump,coming-of-age story,1.0,English,1994-06-23,4.1,95.0,1243512.0,7.2,72.0
United States of America,The Wrestler (2008 film),drama film,1.0,English,2008-09-05,4.0,88.0,140194.0,8.4,98.0
Germany,Valkyrie (film),war film,1.0,English,2008-01-01,3.4,65.0,239261.0,6.1,62.0
United States of America,Psycho (1960 film),thriller film,1.0,English,1960-01-01,3.9,94.0,238970.0,9.2,97.0
Q664,The Lord of the Rings: The Two Towers,fantasy film,1.0,English,2002-12-05,4.1,95.0,1340679.0,8.5,95.0
United States of America,Bicentennial Man (film),science fiction film,0.0,English,1999-12-17,3.0,58.0,359356.0,4.8,36.0
United States of America,Madagascar (2005 film),buddy film,1.0,English,2005-05-27,3.4,66.0,988920.0,6.1,55.0
United States of America,The Social Network,biographical film,1.0,English,2010-09-24,4.1,86.0,203034.0,9.0,96.0
United States of America,Apocalypto,action film,1.0,Q13354,2006-01-01,3.7,79.0,442193.0,6.3,65.0
United Kingdom,The Bridge on the River Kwai,drama film,1.0,English,1957-01-01,4.0,93.0,54411.0,9.3,94.0
United States of America,Iron Man (2008 film),action film,1.0,English,2008-04-30,4.2,91.0,1079254.0,7.7,94.0
Q258,District 9,thriller film,1.0,English,2009-08-13,3.5,82.0,1177925.0,7.8,90.0
United States of America,Midnight in Paris,romantic comedy,1.0,French,2011-01-01,4.0,83.0,81989.0,7.8,93.0
United States of America,Once Upon a Time in America,crime film,0.0,Q652,1984-01-01,4.2,94.0,74523.0,8.6,86.0
United States of America,Mary Poppins (film),fantasy film,1.0,English,1964-08-29,3.5,86.0,681868.0,8.3,100.0
United States of America,30 Minutes or Less,comedy film,1.0,English,2011-08-12,3.0,40.0,46907.0,5.4,44.0
United States of America,Back to the Future Part III,science fiction film,1.0,English,1990-05-25,3.4,78.0,693990.0,6.5,74.0
United States of America,Frozen (2013 film),fantasy film,1.0,English,2013-11-10,4.2,85.0,305288.0,7.7,90.0
United States of America,Source Code,action film,1.0,English,2011-03-11,3.8,82.0,125040.0,7.5,92.0
United States of America,Hercules (1997 film),fantasy film,1.0,English,1997-06-15,3.3,75.0,388505.0,7.0,83.0
United States of America,The Exorcist (film),horror film,1.0,English,1973-01-01,3.7,87.0,419478.0,8.0,86.0
United States of America,Captain America: The First Avenger,action film,1.0,English,2011-05-06,2.1,16.0,10681.0,3.0,8.0
United States of America,Big Fish,fantasy film,1.0,English,2003-01-01,3.7,89.0,497910.0,7.2,76.0
United States of America,The Master (2012 film),drama film,0.0,English,2012-09-11,3.4,61.0,50033.0,8.1,85.0
United States of America,Atlantis: The Lost Empire,science fiction film,1.0,English,2001-06-15,2.9,52.0,365360.0,5.5,49.0
United States of America,Close Encounters of the Third Kind,science fiction film,1.0,English,1977-11-16,3.7,85.0,141565.0,8.9,95.0
United Kingdom,Doctor Zhivago (film),romance film,1.0,Q7737,1965-12-22,3.9,88.0,45643.0,7.5,82.0
United States of America,The Big Lebowski,buddy film,1.0,English,1998-03-19,4.0,94.0,355091.0,7.3,82.0
United States of America,Who Framed Roger Rabbit,neo-noir,1.0,English,1988-06-22,3.5,84.0,442269.0,8.4,97.0
United States of America,Air Force One (film),action film,1.0,English,1997-07-25,3.2,66.0,378528.0,7.0,78.0
United States of America,Bedazzled (2000 film),romantic comedy,1.0,English,2000-01-01,2.7,42.0,371129.0,5.5,49.0
United States of America,Schindler's List,war film,1.0,German,1993-12-15,4.3,97.0,410348.0,9.0,97.0
Q142,LÃ©on: The Professional,crime thriller,1.0,English,1994-01-01,4.1,95.0,273482.0,6.7,71.0
United States of America,Shrek the Third,action film,1.0,English,2007-05-06,3.4,52.0,2218408.0,5.4,41.0
United States of America,Charade (1963 film),romantic comedy,1.0,English,1963-12-05,4.1,92.0,42712.0,8.1,92.0
United States of America,The Perfect Storm (film),disaster film,1.0,English,2000-01-01,3.2,64.0,279091.0,5.5,47.0
United States of America,Beverly Hills Cop II,action film,1.0,English,1987-05-20,3.1,58.0,276124.0,4.9,48.0
United States of America,Play Misty for Me,thriller film,1.0,English,1971-01-01,3.5,72.0,12608.0,7.3,83.0
United States of America,Movie 43,comedy film,1.0,English,2013-01-01,2.1,24.0,35411.0,2.2,4.0
United Kingdom,Fish Tank (film),drama film,0.0,English,2009-01-01,3.8,79.0,13982.0,7.6,91.0
United States of America,Yogi Bear (film),comedy film,1.0,English,2010-12-11,2.8,34.0,56155.0,3.6,13.0
United States of America,Hobo with a Shotgun,thriller film,0.0,English,2011-01-01,3.3,57.0,20344.0,5.7,64.0
United States of America,Anger Management (film),comedy film,1.0,English,2003-03-05,3.2,60.0,745728.0,5.2,43.0
United Kingdom,Following,neo-noir,1.0,English,1998-01-01,3.8,85.0,22563.0,7.1,79.0
United States of America,Serenity (2005 film),action film,0.0,English,2005-08-22,3.9,91.0,312867.0,7.2,83.0
United States of America,Beverly Hills Cop,action film,1.0,English,1984-12-05,3.4,81.0,377313.0,7.1,84.0
United States of America,Capitalism: A Love Story,documentary film,0.0,English,2009-09-06,3.6,73.0,70711.0,6.7,75.0
United States of America,Hard to Kill,action film,1.0,English,1990-01-01,2.7,47.0,44876.0,3.7,33.0
United States of America,Big (film),romantic comedy,1.0,English,1988-06-03,3.5,82.0,401580.0,7.9,97.0
United States of America,Battle: Los Angeles,action film,1.0,English,2011-03-11,3.1,48.0,93572.0,4.8,35.0
Q142,Colombiana,action film,1.0,Q1321,2011-01-01,3.8,67.0,161875.0,4.9,29.0
United States of America,Little Fockers,comedy film,1.0,English,2010-01-01,2.9,34.0,133000.0,3.4,9.0
United States of America,Shortbus,comedy-drama,1.0,English,2006-01-01,3.6,77.0,55461.0,6.4,67.0
United States of America,Daybreakers,science fiction film,1.0,English,2009-09-11,3.2,49.0,209140.0,6.1,67.0
United States of America,Crazy Heart,musical film,1.0,English,2009-01-01,3.6,76.0,124736.0,7.4,91.0
United States of America,Annabelle: Creation,horror film,1.0,English,2017-01-01,3.6,68.0,21148.0,6.2,70.0
United States of America,Split (2016 American film),thriller film,1.0,English,2017-01-20,3.8,78.0,51536.0,6.4,76.0
United States of America,Why Him?,comedy film,1.0,English,2016-12-17,3.3,51.0,22079.0,4.9,39.0
United States of America,Transcendence (2014 film),science fiction film,1.0,English,2014-01-01,2.9,37.0,64131.0,4.6,20.0
United States of America,Left Behind (2014 film),action film,1.0,English,2014-10-02,2.6,39.0,20464.0,2.1,1.0
United States of America,Avengers: Age of Ultron,science fiction film,1.0,English,2015-04-22,4.0,83.0,285561.0,6.7,75.0
United States of America,Fury (2014 film),war film,1.0,English,2014-10-15,4.0,84.0,106994.0,6.9,76.0
United States of America,Signs (film),science fiction film,1.0,English,2002-07-29,3.2,67.0,920780.0,6.8,74.0
United States of America,Avatar (2009 film),science fiction film,1.0,Q316939,2009-12-17,4.1,82.0,1381412.0,7.5,83.0
United States of America,Wreck-It Ralph,fantasy film,1.0,English,2012-10-29,4.1,86.0,237999.0,7.5,87.0
Q16,Apollo 18 (film),horror film,1.0,English,2011-09-01,2.4,23.0,42411.0,3.8,24.0
United States of America,Chasing Amy,romantic comedy,1.0,English,1997-01-01,3.5,83.0,196905.0,7.4,88.0
United States of America,Dogma (film),fantasy film,1.0,English,1999-01-01,3.6,85.0,362841.0,6.2,67.0
United Kingdom,The Eagle (2011 film),adventure film,1.0,English,2011-02-09,3.1,41.0,42552.0,5.3,39.0
United States of America,2001: A Space Odyssey (film),science fiction film,1.0,English,1968-04-02,3.8,89.0,297648.0,9.2,92.0
United States of America,Dr. Strangelove,black comedy,1.0,English,1964-01-29,4.2,94.0,208775.0,9.1,99.0
United States of America,The Great Dictator,comedy-drama,1.0,English,1940-10-15,4.2,95.0,43491.0,8.8,92.0
United States of America,Back to the Future Part II,science fiction film,1.0,English,1989-11-22,3.5,85.0,749397.0,6.2,64.0
United Kingdom,Slumdog Millionaire,romance film,1.0,English,2008-08-30,4.0,90.0,1155265.0,8.3,91.0
United States of America,Gran Torino,drama film,1.0,English,2008-12-12,4.1,90.0,331935.0,7.1,80.0
United States of America,Machete Kills,action film,0.0,Q1321,2013-09-19,2.9,34.0,36411.0,4.5,28.0
United States of America,Ghost World (film),female buddy film,1.0,English,2001-06-16,3.7,84.0,73290.0,7.8,92.0
Germany,Iron Sky,action film,1.0,English,2012-01-01,2.8,37.0,9994.0,4.4,36.0
United Kingdom,Black Book (film),war film,1.0,English,2006-09-01,4.0,87.0,37426.0,7.1,75.0
United States of America,Gosford Park,crime film,1.0,English,2001-01-01,3.5,78.0,48360.0,7.5,86.0
United States of America,Saving Private Ryan,war film,1.0,English,1998-07-24,4.0,95.0,991954.0,8.6,92.0
United States of America,Star Trek Into Darkness,action film,1.0,English,2013-05-09,4.2,90.0,312162.0,7.5,85.0
United States of America,The Shawshank Redemption,drama film,1.0,English,1994-09-10,4.4,98.0,884216.0,8.2,91.0
United States of America,Ben-Hur (1959 film),peplum film genre,1.0,English,1959-11-18,3.7,89.0,105944.0,7.8,86.0
United States of America,Tangled,musical film,1.0,English,2010-11-24,4.1,87.0,149697.0,7.5,89.0
United States of America,Batman Returns,neo-noir,1.0,English,1992-06-16,3.3,73.0,640438.0,6.7,81.0
United States of America,Cars 2,spy film,1.0,English,2011-06-18,3.3,49.0,103080.0,5.5,39.0
United Kingdom,Prometheus (2012 film),science fiction film,1.0,English,2012-05-30,3.6,68.0,262234.0,7.0,73.0
United States of America,From Dusk till Dawn,comedy horror,1.0,Q1321,1996-01-19,3.5,76.0,273332.0,6.0,63.0
United States of America,Roman Holiday,romantic comedy,1.0,English,1953-01-01,4.1,94.0,63126.0,8.4,98.0
United Kingdom,The Deer Hunter,war film,1.0,Q7737,1978-01-01,4.1,92.0,103096.0,8.6,94.0
United States of America,The Aviator (2004 film),biographical film,1.0,English,2004-12-14,3.4,79.0,207170.0,7.8,87.0
United States of America,Iron Man 2,action film,1.0,English,2010-04-29,3.7,72.0,478367.0,6.5,73.0
United Kingdom,The World Is Not Enough,spy film,1.0,English,1999-11-08,3.0,49.0,210078.0,5.7,51.0
United States of America,Bolt (2008 film),computer-animated film,0.0,English,2008-12-17,3.6,73.0,314996.0,7.2,89.0
United States of America,Moonrise Kingdom,romantic comedy,1.0,English,2012-05-16,4.1,86.0,138986.0,8.2,93.0
United States of America,Edward Scissorhands,romance film,1.0,English,1990-12-06,3.8,91.0,1032297.0,7.7,89.0
United States of America,Fahrenheit 9/11,documentary film,1.0,English,2004-05-17,3.3,69.0,207819.0,7.3,83.0
United States of America,Brewster's Millions (1985 film),comedy film,1.0,English,1985-01-01,3.1,55.0,38458.0,4.7,36.0
United States of America,First Blood,action film,1.0,English,1982-10-22,3.5,85.0,138647.0,7.1,88.0
United States of America,Passenger 57,action film,1.0,English,1992-01-01,2.9,37.0,56237.0,4.0,22.0
United States of America,The Breakfast Club,teen film,1.0,English,1985-01-01,3.9,92.0,555773.0,7.7,88.0
United States of America,Red Heat,crime film,1.0,English,1988-01-01,2.7,37.0,36968.0,5.5,62.0
United States of America,G.I. Jane,drama film,0.0,English,1997-01-01,3.0,53.0,159879.0,5.9,55.0
United States of America,Eight Below,adventure film,1.0,English,2006-02-17,3.4,78.0,374269.0,6.5,72.0
United States of America,Nutty Professor II: The Klumps,romantic comedy,1.0,English,2000-07-24,2.6,32.0,231616.0,4.4,26.0
United States of America,Mission: Impossible â€“ Ghost Protocol,action film,1.0,English,2011-12-15,3.9,76.0,472609.0,7.7,93.0
Q16,The Last Temptation of Christ (film),drama film,1.0,English,1988-08-12,3.7,84.0,35779.0,7.4,81.0
Q142,Tinker Tailor Soldier Spy (film),spy film,1.0,English,2011-09-05,3.5,65.0,53934.0,7.8,83.0
United Kingdom,The Young Victoria,biographical film,0.0,English,2009-03-06,3.5,74.0,164670.0,6.5,76.0
United States of America,Edge of Darkness (2010 film),action film,0.0,English,2010-01-01,2.8,49.0,542520.0,5.9,56.0
United States of America,Her (film),science fiction film,1.0,English,2013-10-12,4.0,82.0,100040.0,8.5,94.0
United States of America,Poseidon (film),action film,1.0,English,2006-05-12,2.9,43.0,342000.0,4.9,33.0
United Kingdom,Willy Wonka & the Chocolate Factory,fantasy film,1.0,English,1971-01-01,3.6,86.0,877539.0,7.7,91.0
United States of America,The Hunger Games: Mockingjay â€“ Part 2,science fiction film,1.0,English,2015-11-18,3.6,66.0,200708.0,6.5,70.0
United States of America,Pacific Rim Uprising,speculative fiction film,1.0,English,2018-03-21,3.1,45.0,30862.0,5.0,43.0
United States of America,The Legend of Hercules,action film,0.0,English,2014-01-08,2.6,33.0,40997.0,2.3,3.0
United States of America,Rudderless,musical film,0.0,English,2014-01-01,4.0,83.0,4023.0,6.2,62.0
United Kingdom,The Imitation Game,war film,1.0,English,2014-08-29,4.2,91.0,103046.0,7.7,90.0
United States of America,Life After Beth,comedy horror,0.0,English,2014-01-01,2.8,30.0,6996.0,5.3,42.0
United States of America,Kingsman: The Secret Service,spy film,1.0,English,2014-01-01,4.0,84.0,124616.0,6.8,75.0
United States of America,Nightcrawler (film),neo-noir,1.0,English,2014-01-01,4.0,85.0,85038.0,8.2,95.0
United Kingdom,Kingsman: The Golden Circle,action film,1.0,English,2017-09-21,3.6,66.0,44589.0,5.3,52.0
United States of America,Avengers: Infinity War,science fiction film,1.0,English,2018-04-25,4.5,91.0,43251.0,7.4,83.0
United States of America,The Emoji Movie,buddy film,1.0,English,2017-01-01,2.5,39.0,23834.0,2.7,8.0
United States of America,Logan (2017 film),superhero film,1.0,English,2017-01-01,4.3,90.0,89910.0,7.9,93.0
United States of America,Big Hero 6 (film),computer-animated film,1.0,English,2014-11-07,4.3,91.0,128671.0,7.3,89.0
United States of America,Furious 7,thriller film,1.0,English,2015-03-26,4.1,82.0,194500.0,6.7,80.0
United States of America,This Is Where I Leave You,comedy film,1.0,English,2014-01-01,3.5,59.0,35120.0,5.4,42.0
United States of America,22 Jump Street,action film,1.0,English,2014-06-04,3.9,77.0,170099.0,7.0,85.0
United Kingdom,Paddington (film),film adaptation,1.0,English,2014-11-23,3.9,80.0,49598.0,7.9,98.0
United States of America,Warcraft (film),fantasy film,1.0,English,2016-05-26,4.1,77.0,62844.0,4.2,27.0
United States of America,Annie (2014 film),musical film,1.0,English,2014-12-07,3.5,59.0,53332.0,4.5,28.0
United States of America,"Alexander and the Terrible, Horrible, No Good, Very Bad Day (film)",comedy film,1.0,English,2014-10-10,3.5,58.0,37565.0,5.7,60.0
United States of America,Chappie (film),science fiction film,1.0,English,2015-03-05,3.4,56.0,49406.0,4.9,32.0
United States of America,Penguins of Madagascar,comedy film,1.0,English,2014-11-26,3.6,63.0,65132.0,6.2,73.0
United States of America,Self/less,science fiction film,1.0,English,2015-01-01,3.2,46.0,23737.0,4.5,18.0
United States of America,Everest (2015 film),thriller film,1.0,English,2015-09-17,3.6,68.0,47233.0,6.7,73.0
United States of America,John Wick (film),action film,1.0,English,2014-10-24,3.9,80.0,80790.0,6.9,86.0
United States of America,Annabelle (film),horror film,1.0,English,2014-01-01,2.9,36.0,48930.0,4.4,29.0
United States of America,How to Train Your Dragon 2,fantasy film,1.0,English,2014-01-01,4.3,89.0,187598.0,7.7,91.0
United States of America,American Hustle,crime film,1.0,English,2013-12-13,3.8,74.0,175352.0,8.2,93.0
United States of America,Ghost in the Shell (2017 film),Cyberpunk,1.0,English,2017-03-30,3.3,51.0,39400.0,5.6,44.0
United States of America,"Three Billboards Outside Ebbing, Missouri",drama film,1.0,English,2017-09-04,4.2,87.0,20539.0,8.5,92.0
United States of America,Interstellar (film),science fiction film,1.0,English,2014-10-26,4.1,85.0,172664.0,7.0,71.0
United States of America,The Signal (2014 film),science fiction film,0.0,English,2014-01-20,3.0,39.0,14623.0,5.8,60.0
United States of America,Life (2017 film),science fiction film,1.0,English,2017-03-23,3.3,55.0,32898.0,5.9,68.0
United States of America,The Shape of Water,speculative fiction film,1.0,English,2017-08-31,3.8,73.0,22942.0,8.4,92.0
United States of America,I Am Not Your Negro,documentary film,1.0,English,2016-01-01,4.1,83.0,13932.0,8.9,98.0
